lastname,firstname,email,timestamp,birthcc,source
Bramar,Mat,Mat.Bramar%40gastech.com.kronos,1981-12-19,Tethys,birth
Ribera,Anda,Anda.Ribera%40gastech.com.kronos,1975-11-17,Tethys,birth
Pantanal,Rachel,Rachel.Pantanal%40gastech.com.kronos,1984-08-22,Tethys,birth
Lagos,Linda,Linda.Lagos%40gastech.com.kronos,1980-01-26,Tethys,birth
Mies+Haber,Ruscella,Ruscella.Mies.Haber%40gastech.com.kronos,1964-04-26,Kronos,birth
Forluniau,Carla,Carla.Forluniau%40gastech.com.kronos,1981-06-02,Kronos,birth
Lais,Cornelia,Cornelia.Lais%40gastech.com.kronos,1991-07-07,Kronos,birth
Onda,Marin,Marin.Onda%40gastech.com.kronos,1969-12-31,Tethys,birth
Borrasca,Isande,Isande.Borrasca%40gastech.com.kronos,1979-10-22,Tethys,birth
Calzas,Axel,Axel.Calzas%40gastech.com.kronos,1975-09-13,Tethys,birth
Orilla,Kare,Kare.Orilla%40gastech.com.kronos,1964-02-29,Tethys,birth
Orilla,Elsa,Elsa.Orilla%40gastech.com.kronos,1982-04-12,Tethys,birth
Tempestad,Brand,Brand.Tempestad%40gastech.com.kronos,1979-05-14,Tethys,birth
Azada,Lars,Lars.Azada%40gastech.com.kronos,1973-04-30,Tethys,birth
Balas,Felix,Felix.Balas%40gastech.com.kronos,1960-03-04,Tethys,birth
Dedos,Lidelse,Lidelse.Dedos%40gastech.com.kronos,1952-02-14,Tethys,birth
Frente,Birgitta,Birgitta.Frente%40gastech.com.kronos,1976-07-31,Tethys,birth
Nubarron,Adra,Adra.Nubarron%40gastech.com.kronos,1968-06-06,Tethys,birth
Cazar,Gustav,Gustav.Cazar%40gastech.com.kronos,1986-11-06,Tethys,birth
Frente,Vira,Vira.Frente%40gastech.com.kronos,1977-12-29,Tethys,birth
Vasco%2dPais,Willem,Willem.Vasco%2dPais%40gastech.com.kronos,1975-03-18,Tethys,birth
Sanjorge+Jr.,Sten,Sten.Sanjorge+Jr.%40gastech.com.kronos,1948-08-29,Tethys,birth
Barranco,Ingrid,Ingrid.Barranco%40gastech.com.kronos,1961-10-26,Tethys,birth
Campo%2dCorrente,Ada,Ada.Campo%2dCorrente%40gastech.com.kronos,1951-11-26,Tethys,birth
Strum,Orhan,Orhan.Strum%40gastech.com.kronos,1963-10-18,Asteria,birth
Ovan,Bertrand,Bertrand.Ovan%40gastech.com.kronos,1964-12-12,Tethys,birth
Arpa,Emile,Emile.Arpa%40gastech.com.kronos,1992-10-01,Kronos,birth
Awelon,Varro,Varro.Awelon%40gastech.com.kronos,1986-05-05,Kronos,birth
Coginian,Dante,Dante.Coginian%40gastech.com.kronos,1971-12-01,Kronos,birth
Hafon,Albina,Albina.Hafon%40gastech.com.kronos,1987-06-14,Kronos,birth
Hawelon,Benito,Benito.Hawelon%40gastech.com.kronos,1978-11-23,Kronos,birth
Hawelon,Claudio,Claudio.Hawelon%40gastech.com.kronos,1983-08-13,Kronos,birth
Mies,Henk,Henk.Mies%40gastech.com.kronos,1984-09-23,Kronos,birth
Morlun,Valeria,Valeria.Morlun%40gastech.com.kronos,1981-09-22,Kronos,birth
Morlun,Adan,Adan.Morlun%40gastech.com.kronos,1984-10-09,Kronos,birth
Morluniau,Cecilia,Cecilia.Morluniau%40gastech.com.kronos,1988-09-02,Kronos,birth
Nant,Irene,Irene.Nant%40gastech.com.kronos,1985-03-13,Kronos,birth
Scozzese,Dylan,Dylan.Scozzese%40gastech.com.kronos,1986-05-25,Kronos,birth
Bergen,Linnea,Linnea.Bergen%40gastech.com.kronos,1969-07-10,Tethys,birth
Alcazar,Lucas,Lucas.Alcazar%40gastech.com.kronos,1990-04-17,Tethys,birth
Baza,Isak,Isak.Baza%40gastech.com.kronos,1979-02-12,Tethys,birth
Calixto,Nils,Nils.Calixto%40gastech.com.kronos,1982-03-26,Tethys,birth
Flecha,Sven,Sven.Flecha%40gastech.com.kronos,1986-11-11,Tethys,birth
Herrero,Kanon,Kanon.Herrero%40gastech.com.kronos,1984-10-03,Tethys,birth
Lagos,Varja,Varja.Lagos%40gastech.com.kronos,1976-05-01,Tethys,birth
Fusil,Stenig,Stenig.Fusil%40gastech.com.kronos,1963-04-29,Tethys,birth
Mies,Minke,Minke.Mies%40gastech.com.kronos,1992-11-19,Kronos,birth
Osvaldo,Hennie,Hennie.Osvaldo%40gastech.com.kronos,1988-05-31,Kronos,birth
Vann,Isia,Isia.Vann%40gastech.com.kronos,1986-12-13,Kronos,birth
Vann,Edvard,Edvard.Vann%40gastech.com.kronos,1991-03-18,Kronos,birth
Resumir,Felix,Felix.Resumir%40gastech.com.kronos,1959-06-30,Tethys,birth
Bodrogi,Loreto,Loreto.Bodrogi%40gastech.com.kronos,1989-04-17,Kronos,birth
Cocinaro,Hideki,Hideki.Cocinaro%40gastech.com.kronos,1980-12-25,Tethys,birth
Ferro,Inga,Inga.Ferro%40gastech.com.kronos,1989-06-17,Kronos,birth
