lastname,firstname,email,citizencc,citizenreason,timestamp,source
Bramar,Mat,Mat.Bramar%40gastech.com.kronos,Tethys,BirthNation,1981-12-19,citizenship
Ribera,Anda,Anda.Ribera%40gastech.com.kronos,Tethys,BirthNation,1975-11-17,citizenship
Pantanal,Rachel,Rachel.Pantanal%40gastech.com.kronos,Tethys,BirthNation,1984-08-22,citizenship
Lagos,Linda,Linda.Lagos%40gastech.com.kronos,Tethys,BirthNation,1980-01-26,citizenship
Mies+Haber,Ruscella,Ruscella.Mies.Haber%40gastech.com.kronos,Kronos,BirthNation,1964-04-26,citizenship
Forluniau,Carla,Carla.Forluniau%40gastech.com.kronos,Kronos,BirthNation,1981-06-02,citizenship
Lais,Cornelia,Cornelia.Lais%40gastech.com.kronos,Kronos,BirthNation,1991-07-07,citizenship
Onda,Marin,Marin.Onda%40gastech.com.kronos,Tethys,BirthNation,1969-12-31,citizenship
Borrasca,Isande,Isande.Borrasca%40gastech.com.kronos,Tethys,BirthNation,1979-10-22,citizenship
Calzas,Axel,Axel.Calzas%40gastech.com.kronos,Tethys,BirthNation,1975-09-13,citizenship
Orilla,Kare,Kare.Orilla%40gastech.com.kronos,Tethys,BirthNation,1964-02-29,citizenship
Orilla,Elsa,Elsa.Orilla%40gastech.com.kronos,Tethys,BirthNation,1982-04-12,citizenship
Tempestad,Brand,Brand.Tempestad%40gastech.com.kronos,Tethys,BirthNation,1979-05-14,citizenship
Azada,Lars,Lars.Azada%40gastech.com.kronos,Tethys,BirthNation,1973-04-30,citizenship
Balas,Felix,Felix.Balas%40gastech.com.kronos,Tethys,BirthNation,1960-03-04,citizenship
Dedos,Lidelse,Lidelse.Dedos%40gastech.com.kronos,Tethys,BirthNation,1952-02-14,citizenship
Frente,Birgitta,Birgitta.Frente%40gastech.com.kronos,Tethys,BirthNation,1976-07-31,citizenship
Nubarron,Adra,Adra.Nubarron%40gastech.com.kronos,Tethys,BirthNation,1968-06-06,citizenship
Cazar,Gustav,Gustav.Cazar%40gastech.com.kronos,Tethys,BirthNation,1986-11-06,citizenship
Frente,Vira,Vira.Frente%40gastech.com.kronos,Tethys,BirthNation,1977-12-29,citizenship
Vasco%2dPais,Willem,Willem.Vasco%2dPais%40gastech.com.kronos,Tethys,BirthNation,1975-03-18,citizenship
Sanjorge+Jr.,Sten,Sten.Sanjorge+Jr.%40gastech.com.kronos,Tethys,BirthNation,1948-08-29,citizenship
Barranco,Ingrid,Ingrid.Barranco%40gastech.com.kronos,Tethys,BirthNation,1961-10-26,citizenship
Campo%2dCorrente,Ada,Ada.Campo%2dCorrente%40gastech.com.kronos,Tethys,BirthNation,1951-11-26,citizenship
Strum,Orhan,Orhan.Strum%40gastech.com.kronos,Tethys,ParentCitizenship,1963-10-18,citizenship
Ovan,Bertrand,Bertrand.Ovan%40gastech.com.kronos,Tethys,BirthNation,1964-12-12,citizenship
Arpa,Emile,Emile.Arpa%40gastech.com.kronos,Kronos,BirthNation,1992-10-01,citizenship
Awelon,Varro,Varro.Awelon%40gastech.com.kronos,Kronos,BirthNation,1986-05-05,citizenship
Coginian,Dante,Dante.Coginian%40gastech.com.kronos,Kronos,BirthNation,1971-12-01,citizenship
Hafon,Albina,Albina.Hafon%40gastech.com.kronos,Kronos,BirthNation,1987-06-14,citizenship
Hawelon,Benito,Benito.Hawelon%40gastech.com.kronos,Kronos,BirthNation,1978-11-23,citizenship
Hawelon,Claudio,Claudio.Hawelon%40gastech.com.kronos,Kronos,BirthNation,1983-08-13,citizenship
Mies,Henk,Henk.Mies%40gastech.com.kronos,Kronos,BirthNation,1984-09-23,citizenship
Morlun,Valeria,Valeria.Morlun%40gastech.com.kronos,Kronos,BirthNation,1981-09-22,citizenship
Morlun,Adan,Adan.Morlun%40gastech.com.kronos,Kronos,BirthNation,1984-10-09,citizenship
Morluniau,Cecilia,Cecilia.Morluniau%40gastech.com.kronos,Kronos,BirthNation,1988-09-02,citizenship
Nant,Irene,Irene.Nant%40gastech.com.kronos,Kronos,BirthNation,1985-03-13,citizenship
Scozzese,Dylan,Dylan.Scozzese%40gastech.com.kronos,Kronos,BirthNation,1986-05-25,citizenship
Bergen,Linnea,Linnea.Bergen%40gastech.com.kronos,Tethys,BirthNation,1969-07-10,citizenship
Alcazar,Lucas,Lucas.Alcazar%40gastech.com.kronos,Tethys,BirthNation,1990-04-17,citizenship
Baza,Isak,Isak.Baza%40gastech.com.kronos,Tethys,BirthNation,1979-02-12,citizenship
Calixto,Nils,Nils.Calixto%40gastech.com.kronos,Tethys,BirthNation,1982-03-26,citizenship
Flecha,Sven,Sven.Flecha%40gastech.com.kronos,Tethys,BirthNation,1986-11-11,citizenship
Herrero,Kanon,Kanon.Herrero%40gastech.com.kronos,Tethys,BirthNation,1984-10-03,citizenship
Lagos,Varja,Varja.Lagos%40gastech.com.kronos,Tethys,BirthNation,1976-05-01,citizenship
Fusil,Stenig,Stenig.Fusil%40gastech.com.kronos,Tethys,BirthNation,1963-04-29,citizenship
Mies,Minke,Minke.Mies%40gastech.com.kronos,Kronos,BirthNation,1992-11-19,citizenship
Osvaldo,Hennie,Hennie.Osvaldo%40gastech.com.kronos,Kronos,BirthNation,1988-05-31,citizenship
Vann,Isia,Isia.Vann%40gastech.com.kronos,Kronos,BirthNation,1986-12-13,citizenship
Vann,Edvard,Edvard.Vann%40gastech.com.kronos,Kronos,BirthNation,1991-03-18,citizenship
Resumir,Felix,Felix.Resumir%40gastech.com.kronos,Tethys,BirthNation,1959-06-30,citizenship
Bodrogi,Loreto,Loreto.Bodrogi%40gastech.com.kronos,Kronos,BirthNation,1989-04-17,citizenship
Cocinaro,Hideki,Hideki.Cocinaro%40gastech.com.kronos,Tethys,BirthNation,1980-12-25,citizenship
Ferro,Inga,Inga.Ferro%40gastech.com.kronos,Kronos,BirthNation,1989-06-17,citizenship
