email,lastname,firstname,carid,emptype,emptitle,source
Lucas.Alcazar%40gastech.com.kronos,Alcazar,Lucas,1,Information Technology,IT Helpdesk,cars
Lars.Azada%40gastech.com.kronos,Azada,Lars,2,Engineering,Engineer,cars
Felix.Balas%40gastech.com.kronos,Balas,Felix,3,Engineering,Engineer,cars
Ingrid.Barranco%40gastech.com.kronos,Barranco,Ingrid,4,Executive,SVP/CFO,cars
Isak.Baza%40gastech.com.kronos,Baza,Isak,5,Information Technology,IT Technician,cars
Linnea.Bergen%40gastech.com.kronos,Bergen,Linnea,6,Information Technology,IT Group Manager,cars
Isande.Borrasca%40gastech.com.kronos,Borrasca,Isande,7,Engineering,Drill Technician,cars
Nils.Calixto%40gastech.com.kronos,Calixto,Nils,8,Information Technology,IT Technician,cars
Axel.Calzas%40gastech.com.kronos,Calzas,Axel,9,Engineering,Drill Technician,cars
Ada.Campo%2dCorrente%40gastech.com.kronos,Campo-Corrente,Ada,10,Executive,SVP/CIO,cars
Gustav.Cazar%40gastech.com.kronos,Cazar,Gustav,11,Engineering,Hydraulic Technician,cars
Hideki.Cocinaro%40gastech.com.kronos,Cocinaro,Hideki,12,Security,Site Control,cars
Inga.Ferro%40gastech.com.kronos,Ferro,Inga,13,Security,Site Control,cars
Lidelse.Dedos%40gastech.com.kronos,Dedos,Lidelse,14,Engineering,Engineering Group Manager,cars
Loreto.Bodrogi%40gastech.com.kronos,Bodrogi,Loreto,15,Security,Site Control,cars
Isia.Vann%40gastech.com.kronos,Vann,Isia,16,Security,Perimeter Control,cars
Sven.Flecha%40gastech.com.kronos,Flecha,Sven,17,Information Technology,IT Technician,cars
Birgitta.Frente%40gastech.com.kronos,Frente,Birgitta,18,Engineering,Geologist,cars
Vira.Frente%40gastech.com.kronos,Frente,Vira,19,Engineering,Hydraulic Technician,cars
Stenig.Fusil%40gastech.com.kronos,Fusil,Stenig,20,Security,Building Control,cars
Hennie.Osvaldo%40gastech.com.kronos,Osvaldo,Hennie,21,Security,Perimeter Control,cars
Kanon.Herrero%40gastech.com.kronos,Herrero,Kanon,22,Security,Badging Office,cars
Varja.Lagos%40gastech.com.kronos,Lagos,Varja,23,Security,Badging Office,cars
Minke.Mies%40gastech.com.kronos,Mies,Minke,24,Security,Perimeter Control,cars
Adra.Nubarron%40gastech.com.kronos,Nubarron,Adra,25,Engineering,Geologist,cars
Marin.Onda%40gastech.com.kronos,Onda,Marin,26,Engineering,Drill Site Manager,cars
Kare.Orilla%40gastech.com.kronos,Orilla,Kare,27,Engineering,Drill Technician,cars
Elsa.Orilla%40gastech.com.kronos,Orilla,Elsa,28,Engineering,Drill Technician,cars
Bertrand.Ovan%40gastech.com.kronos,Ovan,Bertrand,29,Facilities,Facilities Group Manager,cars
Felix.Resumir%40gastech.com.kronos,Resumir,Felix,30,Security,Security Group Manager,cars
Sten.Sanjorge+Jr.%40gastech.com.kronos,Sanjorge Jr.,Sten,31,Executive,President/CEO,cars
Orhan.Strum%40gastech.com.kronos,Strum,Orhan,32,Executive,SVP/COO,cars
Brand.Tempestad%40gastech.com.kronos,Tempestad,Brand,33,Engineering,Drill Technician,cars
Edvard.Vann%40gastech.com.kronos,Vann,Edvard,34,Security,Perimeter Control,cars
Willem.Vasco%2dPais%40gastech.com.kronos,Vasco-Pais,Willem,35,Executive,Environmental Safety Advisor,cars
Albina.Hafon%40gastech.com.kronos,Hafon,Albina,[notset],Facilities,Truck Driver,cars
Benito.Hawelon%40gastech.com.kronos,Hawelon,Benito,[notset],Facilities,Truck Driver,cars
Claudio.Hawelon%40gastech.com.kronos,Hawelon,Claudio,[notset],Facilities,Truck Driver,cars
Henk.Mies%40gastech.com.kronos,Mies,Henk,[notset],Facilities,Truck Driver,cars
Valeria.Morlun%40gastech.com.kronos,Morlun,Valeria,[notset],Facilities,Truck Driver,cars
Adan.Morlun%40gastech.com.kronos,Morlun,Adan,[notset],Facilities,Truck Driver,cars
Cecilia.Morluniau%40gastech.com.kronos,Morluniau,Cecilia,[notset],Facilities,Truck Driver,cars
Irene.Nant%40gastech.com.kronos,Nant,Irene,[notset],Facilities,Truck Driver,cars
Dylan.Scozzese%40gastech.com.kronos,Scozzese,Dylan,[notset],Facilities,Truck Driver,cars
101,Car101,Car101,101,Car101,Car101,cars
104,Car104,Car104,104,Car104,Car104,cars
105,Car105,Car105,105,Car105,Car105,cars
106,Car106,Car106,106,Car106,Car106,cars
107,Car107,Car107,107,Car107,Car107,cars
